DepTime,ArrTime,Airline,Distance,WeatherConditions,PreviousFlightDelay,FlightDelay
860,2079,JetBlue,1536,Snowy,1,0
1294,2332,JetBlue,1442,Clear,0,0
1130,428,Delta,2224,Cloudy,1,0
1095,1500,Southwest,2834,Cloudy,0,1
1638,285,JetBlue,1637,Clear,0,1
2169,2065,JetBlue,521,Rainy,1,0
466,768,Southwest,2249,Snowy,1,0
1238,1394,JetBlue,1182,Rainy,1,0
330,193,JetBlue,2333,Cloudy,0,1
1482,987,JetBlue,2867,Cloudy,1,1
2135,1136,United,625,Rainy,1,0
130,2161,Southwest,776,Clear,1,1
1685,1701,JetBlue,2499,Rainy,1,0
769,946,Southwest,1727,Rainy,1,0
2391,830,American,2741,Snowy,0,0
1515,1920,American,1195,Snowy,1,0
1215,54,JetBlue,1809,Rainy,1,1
955,799,Southwest,556,Rainy,1,1
2324,777,Southwest,518,Cloudy,0,0
1184,1481,Southwest,2811,Snowy,1,1
459,1901,United,612,Snowy,0,1
21,2209,American,1041,Cloudy,0,0
2300,2134,Southwest,1078,Clear,1,1
747,54,Southwest,1588,Snowy,1,0
474,1823,United,524,Snowy,1,0
1082,1201,United,2072,Clear,0,0
2047,832,Southwest,2548,Snowy,0,0
975,312,Delta,2072,Snowy,0,1
1806,1858,Southwest,640,Clear,0,0
189,2007,Southwest,2267,Clear,0,1
562,2006,United,1147,Rainy,0,0
1899,1790,United,2735,Cloudy,1,0
1267,327,Southwest,700,Cloudy,1,1
1528,1287,Southwest,756,Clear,0,0
646,2143,Southwest,1046,Clear,1,1
2068,1111,United,2741,Snowy,1,1
2214,1311,Southwest,1301,Rainy,0,0
1297,451,Southwest,1441,Rainy,0,0
600,1523,JetBlue,913,Clear,1,0
2363,164,Delta,2514,Snowy,0,0
2061,181,American,1881,Snowy,0,0
241,909,Delta,1598,Cloudy,1,0
2041,822,JetBlue,1409,Cloudy,0,1
1363,943,American,687,Snowy,1,1
2139,2001,Southwest,2515,Cloudy,1,0
1390,2054,JetBlue,1813,Clear,1,1
1478,329,Southwest,2592,Snowy,1,1
775,774,United,2630,Cloudy,1,0
34,2198,JetBlue,1646,Rainy,0,0
2253,146,United,857,Snowy,0,1
1955,914,JetBlue,2051,Snowy,0,0
1585,1571,JetBlue,1589,Rainy,0,1
1021,1308,United,2180,Clear,1,0
1129,81,American,2922,Rainy,1,1
1500,513,Delta,661,Snowy,0,1
702,1920,Southwest,2869,Clear,1,1
1579,1939,JetBlue,949,Cloudy,0,1
161,745,Southwest,1997,Cloudy,0,0
201,1409,United,1536,Cloudy,0,0
1981,706,Southwest,2731,Snowy,1,1
995,470,United,2658,Rainy,1,1
2317,395,Southwest,2450,Clear,1,0
815,1555,Delta,1813,Cloudy,1,0
455,2308,Delta,2842,Clear,0,1
1275,804,Delta,1738,Snowy,1,1
1016,933,Delta,1473,Cloudy,1,1
2343,1279,Delta,1131,Snowy,1,1
337,1757,Delta,2090,Rainy,0,1
878,904,United,1550,Snowy,0,0
1076,1076,JetBlue,2088,Snowy,1,1
791,1890,Southwest,2868,Rainy,1,0
2264,1523,Delta,2193,Clear,1,0
763,1387,United,936,Rainy,1,0
2235,1303,United,2056,Rainy,0,1
379,592,United,1576,Snowy,1,0
492,2106,JetBlue,1804,Clear,1,0
1180,127,Southwest,2578,Cloudy,1,0
2062,735,JetBlue,2884,Rainy,0,0
64,520,American,682,Clear,0,1
1367,236,United,1969,Rainy,1,1
1152,1304,American,1979,Rainy,1,0
2027,1781,Delta,2089,Rainy,1,0
1495,1301,Delta,2087,Rainy,1,1
1162,2051,JetBlue,1159,Snowy,1,1
1522,441,Southwest,659,Clear,0,1
391,2076,American,2959,Clear,0,0
1698,804,Southwest,1511,Clear,0,1
418,74,JetBlue,552,Rainy,1,0
2336,2175,Delta,2955,Snowy,0,0
378,2089,Southwest,1545,Rainy,0,1
1796,1379,Southwest,1553,Rainy,0,0
2278,40,Delta,2807,Clear,1,1
2088,2081,American,1728,Rainy,1,0
2182,1700,Delta,1994,Cloudy,0,1
200,1401,Southwest,1989,Rainy,1,0
1863,587,American,1535,Cloudy,0,0
779,1622,American,2450,Rainy,0,1
502,341,Delta,1349,Snowy,0,1
1751,2074,Southwest,853,Snowy,0,1
804,645,JetBlue,1598,Clear,1,1
2146,730,Southwest,2239,Rainy,1,0
1895,167,United,1964,Cloudy,1,1
1570,609,JetBlue,1490,Cloudy,1,1
960,2315,American,1764,Rainy,0,0
1485,1772,JetBlue,2384,Cloudy,1,1
1028,2040,American,2309,Snowy,0,1
502,454,American,2841,Cloudy,1,0
397,1708,JetBlue,2756,Clear,1,1
870,701,American,1611,Snowy,1,1
392,1599,American,1317,Snowy,0,1
206,129,United,2299,Snowy,0,1
1038,1845,Southwest,2460,Rainy,0,1
1881,1386,Southwest,2937,Rainy,0,1
1484,692,United,2872,Snowy,1,0
863,1394,JetBlue,1388,Rainy,0,1
563,793,Delta,2355,Cloudy,0,0
1020,28,Delta,1680,Rainy,1,0
95,148,Delta,1167,Rainy,1,0
1923,1319,United,1132,Snowy,0,0
1757,2058,United,2142,Clear,1,1
2278,1136,American,636,Clear,0,1
1678,186,Delta,2446,Clear,1,1
540,1250,JetBlue,2197,Cloudy,0,0
1059,1333,JetBlue,927,Rainy,0,1
1183,97,Delta,1975,Clear,0,1
1722,54,Delta,1318,Snowy,0,1
1819,757,Delta,2688,Clear,0,0
1597,405,United,1606,Clear,1,0
795,2116,United,2724,Rainy,0,1
1051,1312,United,697,Rainy,0,0
1643,1785,Southwest,2495,Rainy,0,0
1363,750,JetBlue,2948,Cloudy,0,1
1981,1762,JetBlue,970,Cloudy,0,0
1354,364,American,2765,Clear,1,0
1663,2026,United,2448,Rainy,1,1
1529,481,Southwest,1428,Clear,0,0
2038,2248,Southwest,2510,Snowy,1,0
1496,153,JetBlue,1405,Snowy,0,0
2237,1524,United,2722,Rainy,1,0
1408,2120,American,522,Rainy,1,0
1400,2343,United,734,Snowy,0,0
1306,1040,Delta,1624,Rainy,1,0
972,1664,United,1428,Cloudy,1,0
1768,1240,Delta,1022,Cloudy,0,1
1282,60,Delta,2308,Rainy,0,1
709,938,American,930,Snowy,1,1
1479,1639,JetBlue,1292,Clear,1,1
1434,2089,United,2129,Rainy,1,0
648,24,Delta,2236,Rainy,0,1
317,1062,United,1032,Clear,1,1
1257,130,JetBlue,2246,Rainy,1,0
683,1252,JetBlue,2175,Clear,1,0
663,107,Southwest,1816,Snowy,0,0
1998,171,JetBlue,1412,Cloudy,0,0
1631,1458,American,1624,Snowy,0,0
1495,101,Delta,2025,Cloudy,0,1
1136,2322,Southwest,1827,Clear,1,0
1853,1636,American,1523,Cloudy,0,1
1520,1040,United,2076,Snowy,1,1
563,329,Delta,1878,Cloudy,1,0
1291,1520,JetBlue,2019,Clear,1,1
1636,11,Delta,2181,Cloudy,1,1
698,1341,United,2497,Rainy,0,0
2160,215,Southwest,726,Snowy,0,1
1,338,Southwest,1759,Rainy,0,1
641,1799,Southwest,1372,Clear,0,1
2267,1750,JetBlue,1391,Cloudy,0,0
1589,1508,American,1978,Rainy,1,0
854,709,American,1536,Rainy,0,0
1759,1223,Delta,2757,Cloudy,0,1
1661,1112,JetBlue,896,Cloudy,0,0
1153,1291,Southwest,1623,Snowy,0,1
1076,488,Southwest,2578,Rainy,1,0
1707,1561,United,1148,Rainy,1,1
1695,46,United,828,Clear,1,0
1733,777,Southwest,1982,Snowy,1,0
1439,1039,Southwest,1451,Clear,1,1
2294,710,JetBlue,2505,Rainy,0,0
835,400,American,2516,Clear,1,1
202,1817,United,2378,Rainy,1,0
122,249,American,1696,Rainy,1,0
400,390,JetBlue,2272,Clear,0,1
766,334,Southwest,661,Clear,0,1
293,628,American,2251,Cloudy,1,1
2327,136,Southwest,1275,Cloudy,0,0
197,1521,Southwest,2327,Cloudy,0,1
1930,826,Delta,2821,Rainy,1,0
2191,726,American,1551,Clear,0,1
608,1500,American,2873,Snowy,0,1
1147,989,Southwest,1439,Rainy,0,1
186,934,JetBlue,1039,Snowy,1,1
1794,401,Delta,1321,Clear,1,1
659,1466,Southwest,1961,Rainy,1,1
1955,614,United,1588,Snowy,0,0
1369,1296,United,855,Snowy,1,1
1986,1182,Delta,734,Cloudy,0,0
1534,2235,JetBlue,2774,Cloudy,0,1
146,1121,Southwest,2048,Cloudy,0,1
1734,130,American,2596,Rainy,1,1
1843,1194,Delta,617,Clear,1,0
488,182,JetBlue,2601,Clear,1,0
1959,363,American,2173,Cloudy,1,1
1663,38,United,1567,Cloudy,0,0
2385,1372,United,2600,Cloudy,1,1
640,920,American,1057,Snowy,0,1
1802,15,Delta,2315,Cloudy,1,0
1969,492,United,2505,Snowy,1,0
2198,1449,Southwest,897,Clear,1,0
1438,1131,American,1174,Rainy,0,0
1634,310,American,886,Rainy,0,1
262,738,United,2658,Rainy,0,0
1787,545,Delta,2564,Rainy,0,0
2191,250,Southwest,1383,Snowy,0,1
2393,758,Delta,1040,Snowy,1,0
623,1804,JetBlue,670,Cloudy,0,0
1016,1297,JetBlue,2956,Snowy,0,0
880,1631,United,1239,Cloudy,0,0
2049,1914,United,1901,Cloudy,0,1
1327,813,United,2777,Rainy,1,1
2301,28,JetBlue,618,Snowy,0,0
452,957,Delta,2651,Snowy,1,0
1183,2032,Delta,2495,Cloudy,1,1
2056,476,United,2205,Cloudy,1,0
1682,317,Southwest,2222,Clear,0,0
2255,244,Delta,2722,Clear,1,0
1154,747,JetBlue,2197,Cloudy,0,0
403,696,American,1944,Clear,0,0
2199,271,American,2259,Clear,0,0
2101,1771,American,2024,Cloudy,0,0
1696,1262,Southwest,1164,Cloudy,0,0
627,265,United,532,Snowy,1,0
586,920,JetBlue,2602,Cloudy,1,1
1648,339,Southwest,2559,Cloudy,0,1
1443,388,JetBlue,2051,Rainy,1,1
1445,2050,JetBlue,1219,Snowy,0,0
103,1165,United,2920,Snowy,1,0
253,375,American,983,Snowy,1,1
1496,2033,United,1472,Rainy,1,0
98,2371,Southwest,806,Cloudy,1,1
2200,145,Southwest,956,Snowy,1,0
1884,1981,Southwest,2707,Snowy,0,1
1919,292,United,830,Clear,0,1
877,431,JetBlue,724,Snowy,1,1
337,704,JetBlue,1979,Cloudy,0,0
956,1998,Delta,1582,Cloudy,1,1
1704,398,Southwest,1143,Clear,0,0
160,963,JetBlue,1115,Snowy,1,0
1603,2234,Delta,694,Snowy,1,0
397,2041,JetBlue,988,Snowy,1,0
1300,1828,Southwest,2704,Rainy,0,0
815,2108,American,1749,Snowy,0,0
1527,938,Southwest,2959,Cloudy,1,0
1919,709,United,1602,Cloudy,1,1
1415,806,JetBlue,1647,Rainy,0,1
1158,1463,JetBlue,1741,Rainy,0,1
1218,1325,United,1015,Snowy,0,0
400,10,United,2125,Clear,0,0
639,1085,American,1627,Rainy,0,0
459,1868,JetBlue,892,Rainy,1,0
954,2273,JetBlue,1130,Snowy,0,1
469,771,American,2347,Snowy,1,0
1045,1594,Delta,1479,Rainy,1,1
1693,1607,American,933,Clear,0,0
2085,1333,Southwest,777,Rainy,0,1
2277,884,JetBlue,732,Snowy,1,0
562,1389,United,2052,Snowy,0,1
1799,225,Southwest,2094,Rainy,1,0
2074,824,JetBlue,1613,Clear,0,1
225,2265,American,2909,Rainy,0,0
797,936,Southwest,525,Rainy,0,1
2331,2306,JetBlue,1917,Snowy,1,1
959,1911,Delta,2814,Clear,0,0
1504,1796,Delta,960,Cloudy,1,1
452,53,United,1591,Clear,0,0
815,726,JetBlue,1506,Rainy,1,0
658,1544,Delta,2494,Rainy,0,0
546,1043,American,990,Rainy,1,1
1215,1913,JetBlue,1572,Clear,1,1
16,1776,American,715,Snowy,1,0
1243,1596,American,2223,Rainy,1,0
2205,1914,Delta,2092,Rainy,1,1
1069,849,JetBlue,658,Clear,1,1
2146,2109,Southwest,1185,Cloudy,0,1
1768,2263,Delta,2276,Cloudy,1,0
1060,2,Delta,2552,Snowy,1,0
2327,159,JetBlue,2343,Snowy,1,0
301,780,JetBlue,2908,Rainy,0,0
180,892,American,2795,Clear,0,0
606,2030,JetBlue,2089,Rainy,0,1
699,2376,American,2196,Snowy,1,0
992,579,Delta,2969,Clear,0,1
1139,1933,United,2446,Clear,0,1
190,1380,Southwest,2562,Snowy,1,0
2300,1290,Delta,1645,Cloudy,1,1
980,1640,JetBlue,2824,Cloudy,0,0
2006,951,Southwest,2081,Clear,1,1
1184,987,United,2993,Rainy,1,0
127,1218,United,2757,Cloudy,1,0
2065,920,American,2849,Rainy,1,1
1816,1355,Southwest,2432,Cloudy,0,0
1758,169,American,2257,Cloudy,1,1
569,520,Delta,2550,Rainy,0,0
1346,1486,Southwest,1489,Snowy,0,0
1895,39,Delta,2041,Cloudy,0,0
625,1560,American,1616,Cloudy,0,1
1686,1418,Southwest,992,Rainy,1,1
154,954,American,1119,Snowy,1,0
1409,983,Southwest,2878,Cloudy,1,1
784,974,American,2880,Cloudy,0,0
245,37,United,2597,Snowy,0,1
1500,2375,American,2046,Cloudy,0,1
1705,1274,United,1362,Snowy,1,0
537,1199,American,2191,Snowy,0,0
1890,1625,Southwest,2105,Rainy,1,0
1841,913,Southwest,2819,Clear,1,0
920,453,Southwest,1079,Snowy,1,0
524,36,JetBlue,2390,Rainy,1,1
1529,1711,Delta,1775,Clear,0,1
35,795,Southwest,2355,Cloudy,1,0
684,972,United,2993,Clear,0,0
19,592,Southwest,1855,Snowy,1,0
2368,1137,JetBlue,1662,Snowy,0,1
399,1324,United,856,Snowy,0,0
971,2271,JetBlue,2124,Snowy,1,0
1906,317,United,2821,Snowy,1,1
1166,2396,American,2506,Rainy,1,1
1115,2162,Delta,2858,Snowy,0,1
833,1346,Delta,1369,Rainy,1,1
1823,1591,JetBlue,1385,Cloudy,1,0
1982,1889,Delta,2501,Snowy,0,1
853,2087,JetBlue,2701,Snowy,1,1
50,1996,JetBlue,1913,Clear,0,0
574,1772,JetBlue,1783,Cloudy,1,0
1148,1312,Delta,1119,Snowy,0,0
2197,1285,JetBlue,1382,Snowy,0,1
2361,215,Delta,1296,Cloudy,1,0
2352,2383,JetBlue,2672,Rainy,0,1
1715,2139,Southwest,1796,Snowy,1,1
681,1704,JetBlue,1118,Clear,1,1
837,362,United,2334,Snowy,0,0
1077,1716,JetBlue,744,Clear,1,1
2311,1193,American,2997,Clear,0,0
1595,355,JetBlue,1429,Snowy,0,0
4,190,United,1770,Snowy,0,0
1126,699,United,1019,Clear,0,1
1219,2054,Delta,2909,Cloudy,0,1
773,2180,Southwest,507,Cloudy,0,1
876,556,JetBlue,2519,Snowy,0,0
991,825,Delta,994,Rainy,0,1
46,1054,Southwest,2129,Cloudy,1,1
268,425,JetBlue,1562,Snowy,1,1
369,1574,American,686,Cloudy,0,1
635,2129,JetBlue,2377,Rainy,1,1
1129,588,United,2640,Snowy,1,0
1693,2012,United,585,Rainy,1,0
1682,1547,American,636,Snowy,1,0
656,294,Delta,2968,Rainy,1,0
119,1985,Southwest,2621,Cloudy,1,1
830,1247,JetBlue,2136,Cloudy,0,0
1810,1548,United,2718,Rainy,1,1
1081,1690,Delta,2251,Rainy,1,0
1974,1136,American,2717,Rainy,1,0
1369,1256,United,2287,Snowy,1,0
740,2064,American,1371,Cloudy,0,1
116,359,JetBlue,2869,Snowy,0,1
1853,699,Southwest,1443,Cloudy,0,0
1150,447,United,2126,Clear,0,1
1931,674,United,848,Snowy,1,0
1012,1007,JetBlue,2176,Cloudy,0,0
1664,1349,Delta,1696,Cloudy,0,0
1081,585,Southwest,509,Snowy,0,1
633,1256,United,1961,Snowy,0,0
512,1247,Southwest,1166,Cloudy,1,0
1119,993,United,2022,Snowy,0,0
1141,1435,Southwest,2676,Rainy,1,1
559,571,American,1100,Snowy,0,0
487,2382,United,826,Snowy,1,1
896,1245,Southwest,1479,Snowy,1,0
1212,2084,Delta,2951,Cloudy,0,1
703,988,American,1128,Rainy,0,0
1470,277,American,2129,Clear,0,0
580,1219,Delta,773,Clear,0,1
2294,1887,Southwest,1184,Rainy,1,1
153,483,JetBlue,615,Rainy,1,0
1679,1265,Delta,1360,Rainy,0,1
996,730,Southwest,2503,Cloudy,0,0
1243,2239,Delta,1192,Clear,1,0
1092,1040,Delta,1605,Rainy,0,0
1008,917,United,2871,Cloudy,1,1
2141,885,Southwest,2661,Clear,0,0
1773,21,JetBlue,2292,Snowy,1,1
957,473,United,653,Cloudy,1,0
452,2257,Delta,2400,Clear,1,1
1227,2353,Delta,1927,Cloudy,1,1
2265,703,Delta,1789,Clear,1,0
2388,686,Southwest,814,Clear,0,1
550,284,Southwest,1564,Snowy,1,0
1635,715,United,604,Cloudy,0,0
1312,762,JetBlue,2424,Rainy,1,0
1757,1250,United,2413,Snowy,1,0
356,947,American,1716,Snowy,0,0
2070,1030,Delta,1924,Clear,0,1
1785,28,Delta,2901,Rainy,0,0
1781,906,Delta,2272,Cloudy,0,1
1631,2126,United,2460,Rainy,1,1
1015,569,United,2103,Rainy,0,0
1348,2006,Delta,1208,Rainy,1,1
515,1453,United,1150,Rainy,0,0
335,737,Southwest,1446,Rainy,0,1
1782,515,Southwest,1160,Clear,1,1
2305,2000,United,2646,Clear,1,1
496,38,Delta,2829,Snowy,0,0
895,886,United,2950,Clear,1,1
2207,2204,United,1632,Snowy,1,0
851,1098,United,1199,Snowy,1,1
1687,1823,American,2746,Cloudy,1,1
1931,1710,Southwest,2538,Rainy,1,1
1568,973,JetBlue,2874,Clear,1,1
956,1562,JetBlue,2701,Cloudy,1,0
1636,988,American,1051,Clear,1,0
1291,20,United,904,Snowy,0,1
1440,2350,American,961,Clear,1,1
1191,868,American,2679,Rainy,0,0
1066,83,Delta,1373,Snowy,1,0
284,1682,Southwest,583,Snowy,1,0
11,1976,JetBlue,1922,Cloudy,1,0
1630,1410,United,720,Rainy,1,1
753,1530,JetBlue,1891,Snowy,0,1
2082,569,JetBlue,611,Rainy,0,0
89,933,Southwest,1114,Clear,1,0
775,1980,JetBlue,2081,Rainy,0,0
1625,1855,JetBlue,974,Snowy,1,0
417,792,American,2413,Cloudy,1,0
114,791,Southwest,770,Snowy,0,0
616,1809,Delta,2968,Rainy,0,1
825,1294,United,2420,Rainy,1,1
1649,2255,JetBlue,1890,Snowy,1,1
1516,1607,United,539,Rainy,0,0
412,1083,Delta,2482,Clear,1,0
728,984,United,2736,Snowy,0,0
675,1680,Delta,1493,Cloudy,1,1
1892,519,American,2512,Snowy,1,0
2239,590,JetBlue,789,Clear,0,0
1122,1050,Delta,2980,Clear,0,1
1571,1709,United,778,Clear,0,0
977,2035,JetBlue,1080,Clear,1,1
1008,2246,American,1362,Clear,1,1
2143,348,JetBlue,753,Cloudy,1,0
1687,959,Delta,680,Rainy,1,1
36,1963,American,1180,Clear,0,0
1548,692,United,1324,Clear,1,1
2326,1559,American,1199,Snowy,1,0
2264,377,American,1849,Cloudy,1,1
872,526,Southwest,1880,Cloudy,0,0
1821,2253,American,2173,Rainy,1,1
1296,1259,American,2938,Cloudy,1,1
2109,1875,JetBlue,2138,Snowy,0,1
595,1763,United,2457,Snowy,1,0
1903,520,JetBlue,711,Rainy,1,0
728,1701,JetBlue,2038,Snowy,0,1
1365,1016,Delta,883,Clear,1,0
396,1013,JetBlue,2214,Clear,1,1
698,116,Southwest,841,Snowy,1,0
2224,1367,Southwest,2338,Rainy,0,1
1635,583,Delta,2487,Cloudy,1,0
395,394,United,1343,Rainy,1,1
75,1087,United,2034,Cloudy,0,1
264,71,JetBlue,919,Snowy,0,1
1819,273,JetBlue,2488,Snowy,1,1
717,2013,JetBlue,2432,Clear,1,0
850,1343,United,2349,Cloudy,1,1
1390,337,American,805,Rainy,1,0
143,1389,Southwest,1368,Snowy,0,0
884,606,American,1635,Rainy,1,1
395,165,American,1934,Clear,0,0
1492,1567,United,705,Cloudy,0,0
1167,2058,American,995,Cloudy,1,0
1062,1324,Delta,2409,Snowy,1,1
2156,728,JetBlue,1545,Cloudy,0,0
1065,2043,Delta,712,Snowy,0,0
1209,101,Southwest,809,Clear,1,1
633,1415,JetBlue,2491,Cloudy,0,1
1156,778,American,771,Snowy,1,0
1238,213,Southwest,2322,Rainy,1,1
732,1111,JetBlue,2579,Snowy,0,0
234,1576,American,942,Cloudy,0,0
750,1695,Delta,2709,Clear,1,0
953,591,JetBlue,753,Cloudy,0,1
1542,1333,American,1020,Cloudy,1,0
1197,1109,Delta,1476,Snowy,1,1
1676,2139,Southwest,509,Rainy,1,1
1191,713,Southwest,2083,Cloudy,0,0
2217,935,Southwest,2983,Rainy,1,1
1416,1951,Southwest,1634,Snowy,1,1
1217,241,United,652,Rainy,1,1
1540,2043,JetBlue,2158,Snowy,1,1
2076,1,JetBlue,2356,Clear,1,1
1445,2272,United,1714,Rainy,1,0
2386,1768,American,2252,Rainy,1,1
1519,1949,American,1604,Clear,1,0
1388,2163,Southwest,1394,Rainy,1,0
1856,917,Delta,1611,Clear,1,0
1365,2241,American,603,Cloudy,1,0
499,89,Delta,2414,Snowy,0,0
1680,1709,JetBlue,1506,Clear,1,0
510,2169,Delta,906,Rainy,1,1
216,142,JetBlue,1901,Clear,1,1
1324,105,United,666,Rainy,0,1
1155,886,United,1008,Cloudy,1,0
1827,427,Southwest,2161,Clear,0,1
1810,1328,American,2860,Cloudy,1,1
1205,1895,Southwest,1262,Snowy,1,1
2214,1994,JetBlue,1180,Rainy,0,0
90,316,Southwest,2620,Rainy,1,1
713,1986,Delta,1664,Cloudy,0,0
1881,634,JetBlue,1081,Snowy,0,1
38,1925,United,761,Clear,1,0
172,2056,American,1863,Clear,1,0
652,2270,JetBlue,1831,Rainy,1,0
753,1439,JetBlue,2792,Cloudy,1,1
1243,552,Delta,2038,Cloudy,0,1
1081,715,American,1060,Clear,0,0
1683,1287,United,1599,Snowy,1,1
455,1713,JetBlue,2403,Snowy,0,0
828,1883,JetBlue,674,Clear,0,0
894,1107,Delta,2656,Clear,1,1
1384,1341,Southwest,2730,Cloudy,0,1
1958,110,United,691,Snowy,0,1
1996,250,American,564,Clear,1,0
2395,2054,JetBlue,1997,Clear,0,0
189,458,JetBlue,2067,Rainy,1,1
504,1107,United,1651,Clear,0,0
1214,207,Southwest,2437,Clear,1,1
1531,899,JetBlue,868,Snowy,0,0
823,21,United,1350,Cloudy,0,1
928,409,Delta,542,Snowy,1,1
933,894,Southwest,2407,Cloudy,1,0
1140,514,American,577,Rainy,1,1
133,808,JetBlue,2324,Clear,1,1
2105,873,United,1793,Rainy,0,0
684,13,Delta,1173,Cloudy,0,1
2220,970,American,1200,Snowy,0,0
1852,2134,United,1258,Snowy,1,1
814,1560,United,2423,Rainy,0,0
1172,1324,American,1401,Cloudy,0,1
79,1266,Delta,1492,Rainy,1,1
202,2169,Delta,1691,Rainy,1,1
1252,749,Southwest,2886,Clear,0,1
1699,684,JetBlue,2740,Rainy,1,0
1250,1927,American,1976,Clear,0,0
1682,2356,American,2830,Clear,0,0
1555,694,American,889,Snowy,1,0
2094,2335,Delta,1499,Clear,0,0
1256,306,JetBlue,1024,Clear,1,0
1549,1989,Southwest,2355,Snowy,1,0
1166,661,United,2006,Rainy,0,1
1396,548,United,1158,Cloudy,0,1
470,311,American,1390,Cloudy,0,1
1035,1082,JetBlue,1981,Cloudy,1,1
1353,1737,Delta,951,Rainy,0,0
967,754,JetBlue,2975,Clear,1,0
357,34,JetBlue,2037,Cloudy,1,0
667,444,Delta,1382,Rainy,0,1
372,2140,American,812,Clear,1,0
1031,1982,JetBlue,1339,Snowy,0,1
1145,1230,United,874,Cloudy,0,0
1371,352,Delta,950,Clear,0,0
89,902,Southwest,1094,Cloudy,0,0
539,1355,American,1733,Cloudy,0,0
868,1748,Delta,999,Cloudy,0,1
40,158,Southwest,963,Clear,0,1
739,1977,Southwest,612,Rainy,1,0
1946,956,JetBlue,1535,Clear,0,1
1224,2071,JetBlue,2878,Cloudy,1,0
928,403,JetBlue,2424,Clear,1,0
2036,515,Delta,639,Snowy,1,0
924,1387,Delta,1924,Rainy,0,0
1581,955,American,1016,Clear,1,1
389,2199,JetBlue,2447,Snowy,1,0
1617,1712,Southwest,2665,Rainy,0,0
255,607,United,1387,Snowy,0,1
708,1273,American,1841,Rainy,1,0
1838,1535,Delta,549,Clear,0,1
1944,2382,American,518,Snowy,0,0
9,1441,American,1225,Cloudy,0,0
797,1797,American,2744,Snowy,0,0
876,294,American,1973,Rainy,1,0
1028,754,United,951,Clear,0,0
1015,1394,JetBlue,2836,Rainy,0,0
1824,185,Southwest,1664,Snowy,0,1
373,1269,American,1607,Snowy,1,0
2193,636,American,2938,Cloudy,1,1
223,1291,American,714,Clear,0,1
1262,529,JetBlue,2049,Clear,0,0
2224,2068,Delta,2762,Snowy,1,1
1802,793,Delta,627,Clear,0,0
852,2147,United,2345,Cloudy,0,1
62,477,Delta,1259,Rainy,1,0
1240,1622,American,2951,Clear,0,1
688,939,American,2315,Snowy,0,1
1484,525,American,2885,Rainy,1,0
1633,2381,United,860,Rainy,1,1
2152,1,American,1068,Cloudy,0,0
510,374,Delta,1915,Snowy,1,0
384,2340,JetBlue,2765,Clear,0,0
404,552,JetBlue,2097,Snowy,0,0
517,2365,Southwest,2192,Rainy,0,0
475,1525,Delta,701,Snowy,1,1
2000,1851,American,2564,Clear,1,1
1668,380,JetBlue,2869,Clear,0,1
1893,1646,Delta,1017,Cloudy,0,0
1460,13,JetBlue,1848,Clear,1,1
713,503,American,1935,Clear,1,1
82,2278,JetBlue,1841,Snowy,1,1
1168,2008,Southwest,1180,Snowy,0,1
1901,129,Southwest,2488,Rainy,1,1
2048,837,JetBlue,1991,Cloudy,1,0
50,2040,Delta,924,Snowy,0,0
684,27,Delta,2468,Clear,0,1
716,2113,Delta,2212,Rainy,0,0
1469,1252,JetBlue,2934,Snowy,1,0
448,260,Delta,1277,Cloudy,0,1
880,2046,American,2645,Cloudy,0,1
487,1472,Southwest,2326,Rainy,0,0
1823,1447,American,707,Rainy,0,1
2081,459,Delta,2037,Rainy,1,0
2142,300,American,2159,Rainy,0,0
1574,2334,Delta,2713,Rainy,1,1
2201,629,JetBlue,521,Clear,1,0
249,269,American,653,Clear,1,0
673,1993,JetBlue,2462,Snowy,0,0
437,1628,JetBlue,718,Cloudy,1,1
2165,1801,United,1168,Clear,0,1
770,861,Delta,2018,Clear,0,1
267,1280,Southwest,2777,Clear,0,1
1984,2180,Delta,2567,Snowy,1,0
1077,1799,Southwest,1449,Rainy,0,1
235,1706,Delta,2695,Snowy,0,1
388,2360,JetBlue,902,Cloudy,0,1
762,575,American,1095,Cloudy,1,1
1848,2003,American,2914,Cloudy,1,0
623,1307,United,1937,Cloudy,1,0
1252,1956,Southwest,1657,Clear,0,0
577,2020,Southwest,2242,Clear,1,1
2122,2212,Southwest,1806,Snowy,0,1
434,2352,JetBlue,572,Rainy,0,0
2150,1655,Southwest,980,Cloudy,1,1
763,1579,American,1059,Snowy,0,1
1329,1847,JetBlue,1244,Clear,1,0
2145,2203,Delta,1966,Clear,0,0
1358,1390,Southwest,599,Rainy,1,1
446,1742,Southwest,1582,Rainy,0,1
2017,1925,Delta,2805,Rainy,0,1
1331,619,Southwest,912,Snowy,0,0
248,1274,Delta,1588,Clear,0,0
165,956,JetBlue,1677,Clear,0,0
1358,1939,American,2508,Rainy,1,0
1019,2381,Delta,2813,Cloudy,0,1
541,968,United,1320,Rainy,1,0
758,1316,Delta,1161,Snowy,1,0
2128,1043,Southwest,1059,Rainy,1,1
2180,281,JetBlue,1771,Rainy,0,1
796,2166,JetBlue,2313,Snowy,0,1
137,1058,Delta,1109,Rainy,0,0
2231,197,American,2961,Clear,1,1
1353,1082,United,524,Cloudy,0,1
1875,1184,JetBlue,2528,Rainy,0,0
68,1008,Southwest,783,Snowy,1,0
2100,1229,Southwest,1972,Cloudy,1,1
1473,1035,American,800,Snowy,1,0
204,489,JetBlue,1591,Cloudy,1,1
2173,275,Delta,1530,Cloudy,1,1
42,2289,Southwest,1316,Rainy,1,0
1906,1239,American,582,Clear,0,1
2158,1274,JetBlue,2420,Rainy,1,0
760,125,JetBlue,2593,Snowy,0,0
2142,216,JetBlue,1117,Snowy,0,0
1994,1208,JetBlue,2809,Cloudy,0,1
1935,1246,JetBlue,675,Cloudy,1,0
899,918,Southwest,1689,Clear,0,0
359,1317,American,1341,Rainy,1,1
1719,2198,JetBlue,869,Snowy,1,1
280,1661,United,2318,Cloudy,0,1
1887,307,United,2601,Clear,1,1
666,1359,American,1189,Snowy,0,0
92,1969,Delta,2279,Cloudy,0,0
671,891,Delta,1864,Snowy,1,0
1969,374,Delta,1932,Clear,0,1
60,2033,United,866,Clear,0,1
1028,1364,Delta,1143,Snowy,0,0
1489,128,Southwest,2926,Rainy,1,1
603,1014,JetBlue,572,Snowy,0,1
681,1799,United,1771,Cloudy,1,0
1428,1381,American,1359,Rainy,1,0
2280,516,American,542,Cloudy,0,1
523,1518,JetBlue,2924,Snowy,0,1
2393,85,United,1564,Rainy,1,1
1968,1198,Delta,2717,Cloudy,1,0
1101,2358,Delta,2759,Snowy,0,0
1753,1142,Southwest,2016,Snowy,0,0
1836,1993,Southwest,2586,Rainy,1,0
2296,2161,Delta,868,Snowy,1,0
2094,302,American,650,Clear,1,1
1144,587,American,1634,Cloudy,1,1
2261,986,Southwest,2003,Cloudy,1,1
2286,1863,JetBlue,1959,Snowy,0,0
1079,344,Delta,1570,Snowy,1,0
2397,813,Southwest,1523,Clear,1,0
106,1987,Southwest,2098,Rainy,0,1
47,1310,Delta,2540,Snowy,0,0
336,1999,Delta,1889,Snowy,1,0
1049,1677,American,568,Snowy,1,1
1280,1327,JetBlue,2846,Snowy,0,0
2055,1092,JetBlue,1443,Cloudy,1,1
624,1009,Delta,1301,Snowy,1,0
1890,703,United,2843,Cloudy,0,0
1276,574,Southwest,2750,Snowy,1,1
1715,1608,Southwest,560,Rainy,0,1
302,1112,Delta,1445,Clear,0,1
638,687,United,1837,Rainy,0,1
55,488,American,1684,Snowy,0,1
725,1347,Delta,830,Snowy,1,1
525,493,Delta,2051,Snowy,0,0
473,1667,Southwest,837,Rainy,1,0
27,1637,Delta,2129,Snowy,1,1
2125,18,Delta,1827,Rainy,1,0
364,1000,Delta,2026,Cloudy,1,1
525,850,Southwest,2173,Clear,1,0
1335,1388,American,1861,Clear,0,1
882,1354,American,2073,Rainy,0,0
1030,1367,Delta,774,Cloudy,0,0
1026,821,Southwest,1687,Rainy,0,0
1646,454,American,2866,Cloudy,1,0
918,1624,American,2934,Snowy,0,0
1774,710,American,2493,Cloudy,1,1
1531,2190,Southwest,1369,Cloudy,1,1
1906,916,Southwest,1514,Cloudy,0,1
1215,1496,Delta,2411,Clear,0,0
1654,1440,JetBlue,1102,Cloudy,0,1
484,304,American,2299,Snowy,0,0
2075,735,JetBlue,1190,Snowy,1,0
713,2338,Southwest,993,Snowy,1,0
1062,1963,Southwest,989,Cloudy,0,1
1976,2149,Southwest,889,Rainy,1,0
1296,2009,JetBlue,794,Rainy,1,1
1254,961,Southwest,1892,Snowy,1,1
2133,1026,Delta,2217,Clear,0,0
125,2132,Southwest,1148,Rainy,1,0
536,2375,United,2373,Cloudy,0,1
2192,1473,JetBlue,1067,Rainy,0,1
2072,1947,United,944,Snowy,1,1
1603,1177,Southwest,862,Clear,1,1
66,664,Delta,2670,Rainy,0,1
232,11,American,1711,Rainy,1,1
2156,1156,Southwest,1241,Snowy,1,0
1169,303,Delta,2541,Clear,0,1
2158,1763,JetBlue,1179,Clear,0,1
2275,42,United,2967,Snowy,0,1
110,943,United,2142,Cloudy,0,1
1493,2390,United,2072,Rainy,1,0
2081,1349,JetBlue,1858,Cloudy,1,0
622,890,Delta,2639,Rainy,0,1
1541,1004,JetBlue,562,Rainy,0,1
1305,20,United,1662,Cloudy,0,1
1761,406,Southwest,1728,Snowy,1,0
1975,1014,American,755,Snowy,0,0
2362,335,JetBlue,634,Rainy,1,0
876,1838,JetBlue,1374,Snowy,0,0
1989,1147,Delta,1321,Rainy,0,0
1312,1827,Delta,2635,Snowy,0,0
1460,714,JetBlue,1322,Rainy,1,1
2324,50,United,1473,Snowy,1,0
1733,323,American,2277,Clear,1,0
1605,788,Delta,620,Cloudy,0,1
1526,140,United,2137,Clear,1,0
2397,469,Southwest,1864,Cloudy,1,1
1630,786,Delta,1507,Cloudy,0,0
1160,1825,United,1424,Rainy,0,1
758,1357,United,1144,Cloudy,1,1
242,1916,American,2532,Clear,1,1
1063,963,American,2568,Clear,1,1
228,372,Southwest,741,Snowy,1,1
919,1692,United,2850,Clear,0,0
1246,1179,United,2119,Snowy,0,0
5,2338,American,1302,Cloudy,0,1
467,1671,Delta,1463,Clear,1,1
1755,105,Delta,568,Cloudy,1,1
74,1443,JetBlue,1652,Clear,0,0
3,1681,American,695,Clear,0,1
1870,1,JetBlue,2687,Snowy,1,1
645,2137,American,2830,Cloudy,1,1
117,349,Southwest,2859,Clear,0,1
1629,1286,United,1245,Rainy,0,0
2021,1062,Southwest,2188,Cloudy,0,1
946,2206,American,776,Cloudy,1,1
1464,2359,United,560,Cloudy,1,0
193,444,Delta,2413,Snowy,1,1
846,2345,Delta,2599,Rainy,1,1
1415,951,JetBlue,2700,Cloudy,1,0
1458,35,American,2272,Clear,1,0
2220,1107,American,1834,Clear,0,0
1668,1475,Delta,2337,Snowy,0,1
2373,1798,Southwest,1066,Clear,1,1
1433,1845,United,2071,Cloudy,0,0
1141,1408,Southwest,1121,Clear,1,0
1810,1195,Southwest,2525,Cloudy,0,0
723,1399,Delta,1700,Clear,1,1
224,1708,Delta,813,Rainy,0,1
531,1385,Delta,2644,Snowy,0,0
112,2188,JetBlue,1736,Snowy,1,1
2187,1300,Southwest,636,Rainy,1,0
558,1243,American,1529,Rainy,0,1
2048,520,United,2656,Snowy,0,1
2137,1806,JetBlue,1161,Rainy,1,1
653,9,American,2972,Cloudy,0,1
319,983,Southwest,2808,Clear,1,0
1573,1656,Delta,586,Snowy,1,1
1828,1660,Southwest,2623,Rainy,0,1
1917,2199,United,2961,Cloudy,1,0
138,719,JetBlue,1808,Snowy,0,1
2026,1072,JetBlue,2200,Rainy,0,0
2306,858,United,994,Snowy,1,0
901,1316,American,2147,Rainy,0,1
689,1603,American,2442,Snowy,1,1
2039,49,JetBlue,1568,Cloudy,1,0
9,145,JetBlue,1924,Cloudy,1,0
260,914,Delta,1096,Clear,0,0
1942,1462,American,949,Snowy,1,1
1673,2289,United,984,Clear,0,0
2219,580,American,1145,Snowy,1,0
2060,1584,Delta,2129,Rainy,1,0
1191,482,JetBlue,1161,Rainy,1,1
1619,1249,JetBlue,1257,Clear,0,0
320,672,Delta,788,Snowy,0,1
1342,630,United,1220,Clear,1,1
1636,661,JetBlue,1137,Cloudy,1,0
2376,987,Southwest,2782,Clear,0,1
1994,1546,JetBlue,2963,Clear,0,0
1943,649,Southwest,998,Rainy,0,1
2038,968,Delta,1133,Clear,1,1
1118,1100,Delta,2173,Snowy,0,0
1604,440,JetBlue,2530,Rainy,1,0
2365,920,American,614,Clear,0,0
235,769,Southwest,1173,Cloudy,1,1
1969,1343,United,2236,Clear,1,1
333,1826,JetBlue,1757,Clear,1,0
1908,262,United,2753,Clear,0,0
375,1577,JetBlue,2794,Rainy,0,1
1160,998,American,646,Snowy,0,1
1570,699,American,2665,Cloudy,1,1
1319,2349,American,911,Clear,1,0
1855,1603,American,2187,Snowy,0,1
1372,1241,Delta,2910,Snowy,1,0
872,1125,Delta,2032,Rainy,1,1
1252,2335,Southwest,636,Cloudy,1,1
2317,1190,United,518,Rainy,0,0
1851,1005,JetBlue,2742,Snowy,1,0
1314,35,JetBlue,2877,Snowy,0,0
724,743,Delta,2459,Snowy,0,1
2052,1764,JetBlue,2722,Rainy,0,1
77,352,Delta,1501,Cloudy,0,1
131,1922,Southwest,948,Clear,0,0
600,72,United,2448,Rainy,1,1
1772,1376,Southwest,1445,Snowy,0,0
1065,1914,American,1877,Rainy,0,0
2136,1093,American,2022,Snowy,0,0
2343,707,American,640,Clear,1,1
1863,1804,Southwest,2420,Clear,1,1
1318,955,JetBlue,592,Cloudy,1,0
615,159,United,738,Snowy,1,1
1888,2196,American,704,Cloudy,0,0
1046,1735,American,1956,Cloudy,0,0
574,1585,American,744,Clear,1,1
2190,66,United,1331,Rainy,1,0
992,57,American,794,Rainy,1,0
2192,341,United,1355,Cloudy,1,1
1248,1153,American,2564,Clear,0,0
502,1195,Southwest,570,Snowy,1,0
1997,1232,Southwest,1792,Rainy,1,0
820,1494,United,1848,Cloudy,1,0
2151,1821,Southwest,804,Rainy,1,0
1970,115,United,1530,Rainy,1,0
197,661,Southwest,1837,Snowy,1,0
1669,1465,Southwest,1316,Clear,1,1
1202,1868,United,1626,Snowy,0,1
1471,2334,JetBlue,1320,Clear,0,0
1646,1016,Southwest,692,Rainy,0,0
1692,310,American,2276,Cloudy,0,1
1312,207,JetBlue,1028,Snowy,0,1
2035,632,United,2718,Clear,0,1
477,2102,JetBlue,750,Rainy,1,1
1254,656,Delta,2288,Clear,1,1
922,1423,Delta,2526,Clear,0,0
419,1931,Southwest,2963,Clear,1,1
2204,1679,Southwest,1903,Rainy,0,1
1120,236,American,1667,Cloudy,1,1
950,347,JetBlue,2572,Cloudy,1,0
2336,629,Delta,1596,Cloudy,1,0
1277,1540,Southwest,2347,Clear,1,0
2243,2003,JetBlue,1004,Rainy,1,0
1857,1271,Southwest,2121,Clear,1,0
516,363,Southwest,2883,Cloudy,0,0
1658,2368,Delta,2972,Cloudy,0,1
1865,285,Delta,1887,Rainy,1,0
1141,148,Southwest,1722,Clear,0,0
1932,1107,United,1217,Snowy,1,1
814,455,Southwest,838,Snowy,0,0
2275,1766,Southwest,1158,Cloudy,1,1
1900,799,American,1461,Rainy,0,1
2263,1184,American,928,Clear,1,0
2062,1012,American,1398,Clear,0,1
2094,1523,United,638,Cloudy,1,1
2371,480,United,1041,Cloudy,0,1
129,1686,Southwest,2604,Clear,1,1
94,2161,American,1755,Clear,1,0
1955,1601,United,2982,Cloudy,1,1
793,340,Delta,883,Clear,0,0
1834,2010,Southwest,693,Snowy,0,1
2116,1866,JetBlue,2732,Cloudy,0,1
1683,834,Southwest,2395,Clear,1,1
10,1203,JetBlue,2839,Cloudy,0,0
1865,1725,American,1231,Rainy,1,0
711,1689,JetBlue,2663,Cloudy,0,0
2070,310,American,1184,Cloudy,0,1
814,261,Delta,581,Rainy,0,1
345,1442,JetBlue,2880,Snowy,0,1
2349,405,Southwest,2882,Clear,1,1
362,2190,American,1031,Rainy,0,0
2265,341,Southwest,2483,Cloudy,0,1
2188,1339,United,720,Clear,1,0
984,243,American,1134,Rainy,1,1
1639,489,JetBlue,2269,Clear,0,0
827,11,American,2870,Clear,0,0
355,560,Southwest,2374,Rainy,1,1
1347,41,Delta,502,Clear,1,1
1863,593,American,2217,Snowy,1,0
126,1452,JetBlue,705,Rainy,0,1
603,1826,United,2355,Snowy,0,1
1928,1693,Delta,539,Cloudy,0,0
1013,133,United,2606,Clear,1,0
50,947,American,1143,Cloudy,1,0
1430,72,Southwest,2030,Cloudy,1,0
1792,398,Southwest,2407,Clear,0,1
1636,1428,JetBlue,2643,Rainy,1,0
1645,129,Southwest,1397,Clear,0,0
1205,1811,Delta,1585,Cloudy,1,0
1854,2001,Southwest,1779,Cloudy,0,1
566,265,JetBlue,2895,Rainy,0,0
935,1560,American,1170,Clear,1,1
1934,1985,American,2005,Cloudy,0,0
1332,792,Southwest,2864,Snowy,1,0
201,2300,United,1218,Cloudy,0,1
2360,1312,American,1571,Cloudy,1,0
116,163,Southwest,2455,Rainy,1,0
936,94,JetBlue,1659,Snowy,0,1
574,1805,Southwest,749,Cloudy,1,0
2291,1133,American,2861,Cloudy,0,0
536,2383,JetBlue,2392,Snowy,1,0
1625,821,Southwest,2353,Clear,1,0
2122,237,Delta,2003,Clear,1,1
385,1960,JetBlue,1734,Cloudy,1,0
474,1048,Delta,543,Cloudy,0,1
417,1676,United,1082,Clear,1,0
2394,963,JetBlue,1788,Rainy,1,1
938,536,Delta,719,Snowy,0,0
954,1603,American,2425,Snowy,0,1
875,1979,American,2948,Rainy,0,0
762,127,United,1490,Rainy,0,1
1202,91,JetBlue,2312,Rainy,0,1
1205,542,JetBlue,1357,Rainy,0,0
663,845,JetBlue,1303,Rainy,1,1
24,1681,United,989,Rainy,0,0
1990,1851,JetBlue,2280,Snowy,1,0
1203,389,American,1993,Rainy,0,0
709,1884,Delta,2205,Clear,1,0
1879,42,American,2814,Rainy,1,0
1184,253,American,553,Rainy,1,1
2224,1083,Delta,1115,Snowy,0,0
284,2334,American,1582,Snowy,0,0
62,1540,United,2348,Rainy,0,0
1002,1953,Delta,1454,Snowy,0,0
661,2392,American,2933,Cloudy,1,0
2203,641,Southwest,2129,Snowy,0,0
1492,689,American,1149,Snowy,1,1
966,1276,United,2847,Snowy,1,1
848,1950,JetBlue,894,Snowy,0,0
1107,1079,American,1859,Clear,0,1
688,1486,JetBlue,2943,Clear,0,0
147,456,Southwest,870,Clear,1,0
341,982,American,1357,Rainy,0,0
1086,2130,Delta,1290,Rainy,1,0
1724,1122,JetBlue,1157,Cloudy,0,0
1383,148,Southwest,1892,Clear,1,1
326,1352,Delta,883,Rainy,0,1
1792,1179,Delta,2609,Snowy,0,1
1759,189,Delta,738,Snowy,1,1
989,882,Delta,694,Clear,0,0
2262,2310,American,2608,Cloudy,0,1
951,399,American,1652,Cloudy,0,0
722,608,American,2515,Snowy,0,1
